"","Estimate","Std. Error","z value","Pr(>|z|)"
"(Intercept)",-2.00596302002853,1.28389805563783,-1.56240054357897,0.118193659131472
"gene",0.0514330041632393,0.140843091045125,0.365179461637637,0.714977448441688
"discrimination",0.00427479919102787,0.294768322401027,0.0145022340128261,0.988429296967103
"data_both_countries[, covariate1]",-0.0158145363501027,0.0186429257972479,-0.848286182227754,0.396278611007954
"data_both_countries[, covariate2]",-0.211237060927094,0.250597990637318,-0.842931981975907,0.399266485593897
"data_both_countries[, covariate3]",-2.98609920133784e-07,3.32512369823112e-07,-0.898041538402425,0.369163404583682
"gene:discrimination",0.364480239750702,0.281292868693737,1.29573224320712,0.195067748816181
