"","Estimate","Std. Error","z value","Pr(>|z|)"
"(Intercept)",-1.26442946735911,0.749843394189538,-1.68625806022571,0.0917461052655228
"gene",0.0732762383913711,0.08007041914802,0.915147431111994,0.360114237638761
"discrimination",-0.161690401714956,0.174076279647488,-0.928847985735829,0.35296787215774
"data_both_countries[, covariate1]",-0.00862216725816258,0.010889430614183,-0.79179229508406,0.428481795688256
"data_both_countries[, covariate2]",-0.08800647972231,0.144354370851065,-0.609655801923094,0.542089838411373
"data_both_countries[, covariate3]",2.54829967465242e-08,1.36525515904627e-07,0.186653729727167,0.851932136738134
"gene:discrimination",-0.00280315760284536,0.173551559840937,-0.0161517280825048,0.987113345843234
