"","analysis_variable_name","dataset","wave","outcome_name","N_subset","N_discrimYES","Estimate","SE","t.value","p_value","OR","CI1","CI2","Estimate_rounded","SE_rounded","OR_rounded","CI95_edited","p_value_rounded"
"gene","depressive_symptoms","ELSA","wave 6","depressive_symptoms",3347,1174,-0.0664735552586881,0.0367999800811495,-1.80634758801782,0.0710122503438121,0.935687659547265,0.870576023148121,1.00566908914297,-0.07,0.04,0.94,"[0.87;1.01]",0.071
"discrimination","depressive_symptoms","ELSA","wave 6","depressive_symptoms",3347,1174,0.460693802003659,0.0615307007620362,7.48721851527981,9.13410718596613e-14,1.5851734000433,1.40508225360987,1.78834705352592,0.46,0.06,1.59,"[1.41;1.79]",0
"gene:discrimination","depressive_symptoms","ELSA","wave 6","depressive_symptoms",3347,1174,-0.0142097951580984,0.0770147947707401,-0.184507343042314,0.853634901947457,0.985890687472198,0.847761426721937,1.14652591756013,-0.01,0.08,0.99,"[0.85;1.15]",0.8536
"gene1","depressive_symptoms","ELSA","wave 7","depressive_symptoms",3347,1174,-0.0116103686941906,0.0370834626489402,-0.31308750221367,0.75424660170725,0.988456771544233,0.919162251565353,1.06297532078554,-0.01,0.04,0.99,"[0.92;1.06]",0.7542
"discrimination1","depressive_symptoms","ELSA","wave 7","depressive_symptoms",3347,1174,0.317728104834046,0.0618778066522968,5.13476676087472,3.0020733214372e-07,1.37400262576307,1.21707426159509,1.5511651796247,0.32,0.06,1.37,"[1.22;1.55]",0
"gene:discrimination1","depressive_symptoms","ELSA","wave 7","depressive_symptoms",3347,1174,-0.139174747625393,0.0779112868061748,-1.78632330860645,0.0742053322172033,0.870075971462915,0.746859599676716,1.01362049365748,-0.14,0.08,0.87,"[0.75;1.01]",0.0742
"gene2","depressive_symptoms","ELSA","wave 8","depressive_symptoms",3347,1174,-0.00837845853395656,0.037035402350353,-0.22622836535423,0.821046985042916,0.991656542928765,0.92222457319099,1.06631587112322,-0.01,0.04,0.99,"[0.92;1.07]",0.821
"discrimination2","depressive_symptoms","ELSA","wave 8","depressive_symptoms",3347,1174,0.453020020291449,0.0634357450819759,7.14139984808291,1.15201135788345e-12,1.57305567923209,1.38914471470554,1.78131489381129,0.45,0.06,1.57,"[1.39;1.78]",0
"gene:discrimination2","depressive_symptoms","ELSA","wave 8","depressive_symptoms",3347,1174,-0.153354477156482,0.0785956188663499,-1.95118353119985,0.0511825471859762,0.857825588335083,0.735357091130973,1.00069034334156,-0.15,0.08,0.86,"[0.74;1]",0.0512
