"","analysis_variable_name","dataset","wave","outcome_name","N_subset","N_discrimYES","Estimate","SE","t.value","p_value","OR","CI1","CI2","Estimate_rounded","SE_rounded","OR_rounded","CI95_edited","p_value_rounded"
"gene","depressive_symptoms","HRS","wave 6","depressive_symptoms",4961,873,0.0180969213920564,0.0055332260886476,3.27059135161411,0.00108072842296614,1.01826166294515,1.00727835695509,1.02936473027986,0.02,0.01,1.02,"[1.01;1.03]",0.0011
"discrimination","depressive_symptoms","HRS","wave 6","depressive_symptoms",4961,873,0.0670973750636722,0.0154887969367458,4.33199397846642,1.53940664497498e-05,1.06939960595951,1.03742314254479,1.10236167897806,0.07,0.02,1.07,"[1.04;1.1]",0
"gene:discrimination","depressive_symptoms","HRS","wave 6","depressive_symptoms",4961,873,0.00957368917017287,0.015248098516534,0.627861182808585,0.530155913242319,1.00961966352996,0.979892864967822,1.04024827757044,0.01,0.02,1.01,"[0.98;1.04]",0.5302
