"","Estimate","Std. Error","z value","Pr(>|z|)"
"(Intercept)",-3.20797282692952,0.145183569165765,-22.0959771506016,3.45513726524981e-108
"gene",0.210048844354914,0.137971878430535,1.5224033096039,0.127908056074155
"discrimination",-0.189716953596843,0.258415996639298,-0.734153287970227,0.462855319275236
"gene:discrimination",-0.577528132330378,0.26955066155991,-2.14255876423444,0.0321485452865269
