"","Estimate","Std. Error","z value","Pr(>|z|)"
"(Intercept)",-6.08791731269643,2.59610921211736,-2.34501587386271,0.0190262695403921
"gene",0.175492013911062,0.245628038206052,0.714462466063608,0.474941257555311
"discrimination",-0.0751692633519267,1.14216158205787,-0.065813160355553,0.947526578504888
"data_both_countries[, covariate1]",0.0382026375914002,0.0363529113128512,1.05088247988257,0.293312567994099
"data_both_countries[, covariate2]",0.00435009555377677,0.499770538601676,0.00870418565677769,0.993055152343779
"data_both_countries[, covariate3]",2.42098449256057e-07,5.93292979254233e-07,0.408058847351226,0.683230471836052
"gene:discrimination",-0.285291093385513,1.12004090012727,-0.254714888851911,0.7989433158259
