"","Estimate","Std. Error","z value","Pr(>|z|)"
"(Intercept)",-3.21764936483487,0.13635561877087,-23.5974827721751,4.09043204065293e-123
"gene",0.171059809901587,0.132678275803232,1.28928273197698,0.197299812009413
"discrimination",-0.181961199918113,0.304752576670049,-0.597078462490308,0.550454996596717
"gene:discrimination",-0.609381053326068,0.315335788099278,-1.9324830112027,0.0532999169432098
