"","Estimate","Std. Error","z value","Pr(>|z|)"
"(Intercept)",-3.99356887043675,0.197214654653599,-20.2498585992573,3.56261084515163e-91
"gene",0.349594089265964,0.18431234765318,1.89674806770837,0.0578611963633599
"discrimination",-0.250922742537161,0.348927080473735,-0.719126592858559,0.472062923590052
"data_both_countries[, covariate1]",1.29358317703987,18.5325210316621,0.0698007127486774,0.944352279871978
"data_both_countries[, covariate2]",-15.2340856209205,12.9676405968156,-1.17477697713656,0.240083953307471
"data_both_countries[, covariate3]",-2.95553934449514,17.2099682300966,-0.171734154588765,0.863646533225513
"data_both_countries[, covariate4]",-17.9644862526447,15.9622090200063,-1.12543860502822,0.260403219802227
"gene:discrimination",-0.0899819623652906,0.33583966897148,-0.267931309725452,0.788752192826009
