"","Estimate","Std. Error","z value","Pr(>|z|)"
"(Intercept)",2.74149508447852,2.21006594651802,1.24045849799087,0.214805855610672
"gene",-0.183245708842548,0.217598963723394,-0.842125834181295,0.399717522087237
"discrimination",-0.0384244313833146,0.700702127986859,-0.0548370410886425,0.956268290264765
"data_both_countries[, covariate1]",-0.0560886972831833,0.033428278875558,-1.67788169687055,0.0933701963235714
"data_both_countries[, covariate2]",0.132732231132662,0.424575648369477,0.312623278424944,0.754566890370842
"data_both_countries[, covariate3]",-1.3991925649748e-07,4.15679053695897e-07,-0.336604058475948,0.736415396353678
"gene:discrimination",2.42405625743558,1.04708048629732,2.31506201209757,0.0206095385965325
