"","Estimate","Std. Error","z value","Pr(>|z|)"
"(Intercept)",-1.03816998088953,0.220868441667156,-4.70039980838017,2.59652627152078e-06
"gene",-0.159895356406207,0.21236205525998,-0.752937506705035,0.451487468285198
"discrimination",0.0517744371686693,0.686956824589809,0.0753678183480957,0.939922063599504
"gene:discrimination",2.20962038021001,1.00022099269891,2.20913217812773,0.0271654485455127
