"","Estimate","Std. Error","z value","Pr(>|z|)"
"(Intercept)",2.31419617612087,2.17155190793663,1.06568770825275,0.286564835919721
"gene",-0.0437350581522494,0.204785797903094,-0.213564898543136,0.830886374735355
"discrimination",2.25479246694249,1285.06212481141,0.00175461747989296,0.998600018521028
"data_both_countries[, covariate1]",-0.0497735942307281,0.0324973500375538,-1.53162009127544,0.125616211666294
"data_both_countries[, covariate2]",0.10796562414228,0.418302746551801,0.258104028797979,0.796326622370207
"data_both_countries[, covariate3]",-2.50601753904238e-07,3.82909886571024e-07,-0.654466658326292,0.51281120113696
"gene:discrimination",21.2196374117435,1727.86803692933,0.0122808206172121,0.990201569133687
