"","Estimate","Std. Error","z value","Pr(>|z|)"
"(Intercept)",-1.12219461602513,0.240883135227976,-4.65866825821186,3.1826161189199e-06
"gene",-0.252961750343511,0.226296301034327,-1.1178342252494,0.263637801172774
"discrimination",0.510670737155657,0.444283605485835,1.14942512136415,0.250380726268752
"gene:discrimination",1.12215891948208,0.507744938727168,2.21008391003393,0.0270993393188432
