"","Estimate","Std. Error","z value","Pr(>|z|)"
"(Intercept)",1.55947002275907,2.81717185066963,0.553558712574949,0.579880888699353
"gene",-0.0707443007788548,0.269892943501508,-0.262119860790134,0.793229035263186
"discrimination",0.230132541669008,1.3136787805539,0.175181745397436,0.860936827589531
"data_both_countries[, covariate1]",-0.0381044551220677,0.0414409733120566,-0.919487455932454,0.357840663863272
"data_both_countries[, covariate2]",-9.41521858739599e-08,6.12122942518125e-07,-0.153812542112277,0.8777575443482
"gene:discrimination",0.698549644144992,2.65383723250803,0.263222489905616,0.792379097404804
