"","Estimate","Std. Error","z value","Pr(>|z|)"
"(Intercept)",-2.88711905887356,0.761535441953844,-3.79118147340087,0.000149932348619774
"gene",-0.00251491182916985,0.0839759366666542,-0.0299480056906408,0.976108519996528
"discrimination",0.182108560794873,0.165581309985758,1.09981350437762,0.271413387182287
"data_both_countries[, covariate1]",0.012970093932134,0.0109176599442008,1.18799211538215,0.234836516067561
"data_both_countries[, covariate2]",-0.135405053285625,0.147795431168397,-0.916165352441412,0.359580174942363
"data_both_countries[, covariate3]",8.08917082704739e-08,1.33807941353627e-07,0.604535930021474,0.545487388745488
"gene:discrimination",0.0465842360210608,0.165022706309907,0.282289856121842,0.77772126306643
