"","Estimate","Std. Error","z value","Pr(>|z|)"
"(Intercept)",-3.83429074883639,1.25422285602688,-3.05710482823015,0.00223486103536174
"gene",0.168381638386345,0.13317606344504,1.26435362354612,0.206103130671162
"discrimination",-0.183415119278709,0.305865750643177,-0.599658899020313,0.548733585236715
"data_both_countries[, covariate1]",0.0084586919832667,0.0180245961549273,0.469286075014469,0.638865167276306
"data_both_countries[, covariate2]",0.0733761669137573,0.241474085436233,0.303867666715459,0.76122871192646
"data_both_countries[, covariate3]",5.074388375814e-08,2.1956343273339e-07,0.231112636227349,0.817227298552137
"gene:discrimination",-0.597396491507213,0.315616195498862,-1.89279415957401,0.0583852485739462
