"","Estimate","Std. Error","z value","Pr(>|z|)"
"(Intercept)",-4.95023514891327,3.16797205470117,-1.56258801007013,0.118149530245333
"gene",0.38982505701412,0.35114301711261,1.11016035636871,0.266929932458327
"discrimination",-15.0998484928544,1244.28668091664,-0.0121353452740735,0.990317633014607
"data_both_countries[, covariate1]",0.0118758464003943,0.044912731280625,0.264420489731326,0.791455924694277
"data_both_countries[, covariate2]",-9.45062530230315e-07,1.22364121947834e-06,-0.772336298570597,0.43991527194628
"gene:discrimination",-0.438078516116061,1123.95178144274,-0.000389766290110533,0.999689011502674
