"","Estimate","Std. Error","z value","Pr(>|z|)"
"(Intercept)",-4.37357078770584,2.30932284958165,-1.89387585564233,0.0582414899644884
"gene",0.0444850767158936,0.250418500988861,0.177642931892929,0.859003405966141
"discrimination",-14.1646959525447,964.26591702954,-0.0146896159061389,0.988279803772613
"data_both_countries[, covariate1]",-0.000125534939561957,0.0330292064232401,-0.00380072527184996,0.996967467286821
"data_both_countries[, covariate2]",0.196108498352447,0.441345277365535,0.444342578044681,0.656794922119195
"data_both_countries[, covariate3]",-4.66901994549344e-07,6.74987739592499e-07,-0.691719222679837,0.489113672823282
"gene:discrimination",-0.0554511233689869,1013.62493736812,-5.47057608043522e-05,0.999956351118089
