"","Estimate","Std. Error","z value","Pr(>|z|)"
"(Intercept)",7.23449851744062,7.69783670523938,0.939809298957538,0.347315388131036
"gene",1.31356134314231,0.828753679930904,1.58498402474885,0.11296996396673
"discrimination",16.9251077640786,5281.85727499168,0.00320438567021015,0.997443274522329
"data_both_countries[, covariate1]",-0.0275098264296081,0.105468296787578,-0.26083503069188,0.794219728686258
"data_both_countries[, covariate2]",17.7965440619304,3835.10073538651,0.00464043718531863,0.996297480102596
"data_both_countries[, covariate3]",1.62392363188317e-06,3.51122545280398e-06,0.462494833701535,0.64372650632682
"gene:discrimination",-1.34633428256406,5933.69551391347,-0.000226896422205546,0.999818962849374
