"","Estimate","Std. Error","z value","Pr(>|z|)"
"(Intercept)",12.4883799097478,9.26161774889214,1.34840156961149,0.177529259420508
"gene",1.71163835915701,1.32334077402037,1.29342221804062,0.195865069843774
"discrimination",-4.69118862838474,2.71767634667779,-1.72617634698093,0.0843156919597947
"data_both_countries[, covariate1]",-0.0894752539242009,0.119669912566119,-0.747683791235033,0.454650910188125
"data_both_countries[, covariate2]",18.3009425847892,4676.14535597202,0.00391368128910205,0.996877342095098
"data_both_countries[, covariate3]",3.21503623409324e-07,2.46671471895782e-06,0.130336767741491,0.896299991710708
"gene:discrimination",-1.1993072775718,1.56162725671105,-0.767985620395526,0.442495727901081
