"","Estimate","Std. Error","z value","Pr(>|z|)"
"(Intercept)",6.36997413522199,7.48534643562747,0.850992561266541,0.394773484994044
"gene",1.22437901882095,0.789246107589017,1.55132728188064,0.12082327202516
"discrimination",14.3953281942613,3529.05943277641,0.00407908352592865,0.996745371258025
"data_both_countries[, covariate1]",-0.0113327600796509,0.103646291789588,-0.109340719132119,0.912932250988662
"data_both_countries[, covariate2]",1.31373733458906e-06,3.49528873287874e-06,0.37585945968677,0.707021380801617
"gene:discrimination",-1.32192915498097,4285.58916793254,-0.000308459141364383,0.99975388521737
