"","Estimate","Std. Error","z value","Pr(>|z|)"
"(Intercept)",7.50718608985455,1.9853445606576,3.78130136129517,0.000156010678633471
"gene",1.72499896984303,1.17242398050577,1.47130986616196,0.141207336337287
"discrimination",-1.55387550060199,2.35094865055332,-0.660956801517663,0.508640017315688
"gene:discrimination",-1.02429616021441,1.5581409427803,-0.657383508828597,0.51093435266253
