"","Estimate","Std. Error","z value","Pr(>|z|)"
"(Intercept)",-2.84285115090518,0.220389902979093,-12.8991896292765,4.54855167065567e-38
"gene",0.0566888595249071,0.197357225276833,0.287239848682457,0.77392867644451
"discrimination",-0.199601627291248,0.385933049837372,-0.517192366332342,0.605021880330665
"gene:discrimination",0.363265219491585,0.346906406588524,1.04715627210213,0.295027509401918
