"","Estimate","Std. Error","z value","Pr(>|z|)"
"(Intercept)",-2.64924694035384,0.184134620171814,-14.3875548111586,6.19476037495559e-47
"gene",0.00805436043498447,0.192892800226155,0.0417556302025851,0.966693506109161
"discrimination",-0.458278113171328,0.341381607350456,-1.34242180393998,0.179459268935093
"gene:discrimination",-0.125905438280744,0.350950216042238,-0.358755836370793,0.71977775367182
