"","Estimate","Std. Error","z value","Pr(>|z|)"
"(Intercept)",-2.65388026573485,0.174052149024061,-15.2476156175928,1.70755644620788e-52
"gene",-0.0249471144412987,0.181827614538786,-0.137202011391824,0.89087112108642
"discrimination",-0.397029127143023,0.384543250152411,-1.03246936979303,0.301852289517956
"gene:discrimination",0.0136119577583107,0.385849432740503,0.0352779001426321,0.97185814549117
