"","Estimate","Std. Error","z value","Pr(>|z|)"
"(Intercept)",-4.3075674224062,1.63021883360745,-2.64232465826329,0.00823390868198098
"gene",-0.0419896426403149,0.183131123588742,-0.229287309647109,0.81864561620994
"discrimination",-0.459682588221776,0.38733588394765,-1.18678027849313,0.235314299834465
"data_both_countries[, covariate1]",0.0245714711266518,0.023131724215731,1.06224122756667,0.28812618795879
"data_both_countries[, covariate2]",0.25843596163466,0.312933583792845,0.825849237727514,0.408889619238191
"data_both_countries[, covariate3]",-3.4676879084802e-07,4.23140024541548e-07,-0.81951309433261,0.412493734216745
"gene:discrimination",0.0475691109150458,0.38755056640211,0.122742978694784,0.902310629088613
