"","Estimate","Std. Error","z value","Pr(>|z|)"
"(Intercept)",-4.07550097054199,3.61061455317641,-1.12875548207066,0.25900099714659
"gene",0.173451672767361,0.351660936471916,0.493235542473206,0.62184616690577
"discrimination",-14.534773368335,1410.04986422362,-0.0103079853678351,0.991775563269601
"data_both_countries[, covariate1]",0.01056775763713,0.0518541512894619,0.203797716756337,0.838511577163606
"data_both_countries[, covariate2]",0.553142917897172,0.672371081389556,0.822675057282385,0.410692803146623
"data_both_countries[, covariate3]",4.76420946583802e-07,5.18905360578358e-07,0.918126854678849,0.358552456992452
"gene:discrimination",-0.438715534365389,2097.28709436748,-0.000209182393551943,0.99983309659901
