"","Estimate","Std. Error","z value","Pr(>|z|)"
"(Intercept)",-2.12805655811191,1.05408706874716,-2.0188622185084,0.0435015420714657
"gene",-0.0975978174617597,0.102857346994691,-0.948865786581076,0.342688877477105
"discrimination",-0.277527296866011,0.414097433887753,-0.670198060056657,0.502731540376911
"data_both_countries[, covariate1]",0.000892053258017697,0.0151658688047681,0.0588197926212602,0.953095643521325
"data_both_countries[, covariate2]",8.55264040707487e-08,2.02326983073191e-07,0.422713781284476,0.672504099495926
"gene:discrimination",0.397936949450484,0.434473415700704,0.915906324921411,0.359716029125663
