"","Estimate","Std. Error","z value","Pr(>|z|)"
"(Intercept)",-1.7436361948693,1.4983122931046,-1.16373349060386,0.244532032728457
"gene",-0.262471793893753,0.152098680323242,-1.72566779235655,0.08440719551312
"discrimination",-0.029531496934532,0.566408893963054,-0.0521381236228581,0.958418636003657
"data_both_countries[, covariate1]",-0.00437533759647036,0.0215649460360767,-0.202891191526783,0.83922007924201
"data_both_countries[, covariate2]",0.0983181517462076,0.291509708120364,0.337272306916146,0.735911633825775
"data_both_countries[, covariate3]",-2.21551946930863e-07,4.34972221891052e-07,-0.509347346291817,0.610508776454737
"gene:discrimination",0.414294442017694,0.683817065340479,0.60585566376793,0.544610602776906
