"","Estimate","Std. Error","z value","Pr(>|z|)"
"(Intercept)",-2.07293966460098,0.0862221278316827,-24.0418523264426,1.01578834307488e-127
"gene",-0.0847807932572479,0.0858173675114011,-0.987921159967818,0.323191261486157
"discrimination",-0.145784159191398,0.183969105609423,-0.792438266786522,0.428105174065488
"gene:discrimination",0.000658311817190761,0.186887816327697,0.00352249723992948,0.997189459648982
