"","Estimate","Std. Error","z value","Pr(>|z|)"
"(Intercept)",8.79515872916502,6.1103313069671,1.43939146460629,0.150039641305428
"gene",-1.19632481953374,0.619808672321722,-1.93015179192712,0.0535880327530101
"discrimination",15.1557237853764,3358.61697187075,0.00451248948966475,0.996399566524423
"data_both_countries[, covariate1]",-0.0479233644851296,0.0853839946046536,-0.561268709750875,0.574614369037389
"data_both_countries[, covariate2]",-3.47277926176928e-07,8.83522602321931e-07,-0.393060602257677,0.694274721856046
"gene:discrimination",1.1404048856938,3885.23942952679,0.000293522421559667,0.999765802994951
