"","Estimate","Std. Error","z value","Pr(>|z|)"
"(Intercept)",6.0727722331952,5.27878340545023,1.1504113290432,0.249974496205097
"gene",-1.11000973131358,0.524165997421011,-2.11766832792479,0.0342031669842594
"discrimination",16.2308819702376,2068.86595573646,0.007845303812571,0.993740417424832
"data_both_countries[, covariate1]",-0.0154552343780217,0.076059880641473,-0.20319824653517,0.838980083309199
"data_both_countries[, covariate2]",0.91695509195759,1.18465197665622,0.774029090421789,0.438913588522243
"data_both_countries[, covariate3]",8.01613839539709e-09,1.09221228647516e-06,0.0073393592936655,0.994144091106035
"gene:discrimination",1.09838309689831,2081.30993195171,0.000527736441380607,0.999578927260795
