"","Estimate","Std. Error","z value","Pr(>|z|)"
"(Intercept)",5.31858568796339,0.679702052056263,7.82487807984893,5.08149137480399e-15
"gene",-1.07760317616425,0.522059345765993,-2.06413923034581,0.0390045173145671
"discrimination",16.2474828509746,2081.07708689175,0.00780724700363763,0.99377078143519
"gene:discrimination",1.07760317619568,2066.68958449155,0.000521415109594602,0.999583970953136
