"","Estimate","Std. Error","z value","Pr(>|z|)"
"(Intercept)",28.1847888785866,265511.055650519,0.000106152976604052,0.999915302179043
"gene",-0.129335144742528,25597.9670045181,-5.05255533455842e-06,0.999995968644106
"discrimination",116.226081104704,297604.866394237,0.000390538241235407,0.999688395574836
"data_both_countries[, covariate1]",-0.00761069885402229,3716.54117385492,-2.04779080817453e-06,0.99999836609933
"data_both_countries[, covariate2]",-2.32694344843384,64827.1516980051,-3.58945810125026e-05,0.999971360268
"data_both_countries[, covariate3]",6.59179835314995e-07,0.0722641241248893,9.12181311677946e-06,0.999992721846148
"gene:discrimination",-234.789275545332,459243.645432313,-0.000511252094352468,0.999592079865008
