"","Estimate","Std. Error","z value","Pr(>|z|)"
"(Intercept)",-1.50687215389818,0.305135017704237,-4.93837831277288,7.87749098204088e-07
"gene",0.532773374449846,0.35681741063018,1.49312605993331,0.135404192182881
"discrimination",-0.0354465844060758,0.477962055848203,-0.0741619213750586,0.940881544720329
"gene:discrimination",-0.461863706634405,0.524044111709942,-0.881345093502446,0.378131066125513
