"","Estimate","Std. Error","z value","Pr(>|z|)"
"(Intercept)",2.42308777075554,2.72245950501015,0.890036294863644,0.373446397687733
"gene",0.349121362220437,0.274246352648749,1.273020985871,0.203010595088941
"discrimination",-15.2065775684962,1710.09373366264,-0.00889224799153381,0.992905106118178
"data_both_countries[, covariate1]",-0.0585757128542008,0.0403235680946368,-1.45264210539919,0.146323149091172
"data_both_countries[, covariate2]",-0.0242825253932647,0.484669489129025,-0.0501012049198755,0.960041739558642
"data_both_countries[, covariate3]",2.61336886450472e-07,4.14592767473027e-07,0.630345985153911,0.528468242597878
"gene:discrimination",-0.173837013945179,1831.08125661911,-9.49368103227433e-05,0.999924251384905
