"","Estimate","Std. Error","z value","Pr(>|z|)"
"(Intercept)",2.13621906638883,2.73550083275441,0.780924297594835,0.434847020456719
"gene",0.410639848620141,0.29729319073917,1.38126220650784,0.167198354143596
"discrimination",-0.403199929250431,0.652919200608317,-0.617534189337325,0.536882437501702
"data_both_countries[, covariate1]",-0.0543353828303719,0.0405831661094211,-1.33886505266425,0.180614608425567
"data_both_countries[, covariate2]",0.0875101178529198,0.496868772942728,0.17612319915908,0.860197155510474
"data_both_countries[, covariate3]",2.50117493770659e-07,4.47430961373209e-07,0.559008015455667,0.576156249860543
"gene:discrimination",-0.417569295059238,0.759143198060039,-0.550053397206641,0.582282749626722
