"","Estimate","Std. Error","z value","Pr(>|z|)"
"(Intercept)",-1.42797865225663,0.268315066357543,-5.32202187391811,1.02620228996286e-07
"gene",0.3999670540587,0.29107649103826,1.37409604132588,0.169411868267582
"discrimination",-0.300319848807992,0.616180411460883,-0.487389477533005,0.625982348996568
"gene:discrimination",-0.604758592117722,0.68484726976947,-0.883056148155914,0.377205935570223
