"","Estimate","Std. Error","z value","Pr(>|z|)"
"(Intercept)",-2.22688466376285,0.384205810532339,-5.79607232039873,6.7885998222701e-09
"gene",0.099942581488761,0.331685314376424,0.301317475199815,0.763172416506933
"discrimination",-1.13301007802641,1.00375369974666,-1.12877300309066,0.258993603984043
"gene:discrimination",-1.15714501642799,0.883867180103185,-1.30918427844883,0.190471936369937
