"","Estimate","Std. Error","z value","Pr(>|z|)"
"(Intercept)",-3.12343087243567,1.4156884790363,-2.20629815011412,0.0273631308315398
"gene",0.0206832568543764,0.146710715755891,0.140979864680034,0.887885849116784
"discrimination",-0.445725769688386,0.639170186675387,-0.69735068840868,0.485583353551894
"data_both_countries[, covariate1]",0.0220033534863072,0.0200075960334598,1.09974998743026,0.271441068437053
"data_both_countries[, covariate2]",-0.161377702192524,0.287414588173704,-0.561480553989809,0.574469983193153
"data_both_countries[, covariate3]",-1.06074629696776e-06,6.08147808300064e-07,-1.74422448373666,0.0811199536265124
"gene:discrimination",0.12350595042248,0.847547566824458,0.145721556236925,0.884141203600538
