"","Estimate","Std. Error","z value","Pr(>|z|)"
"(Intercept)",-2.03641409913584,0.0840628576069956,-24.2248973816276,1.21626090440274e-129
"gene",0.00845543492607531,0.0840883782134066,0.100554144410021,0.919904399587237
"discrimination",0.167325649059028,0.164549530837165,1.01687101876097,0.309214791776486
"gene:discrimination",0.0422220811993639,0.164465739353823,0.256722654610329,0.797392881679571
