"","Estimate","Std. Error","z value","Pr(>|z|)"
"(Intercept)",-2.43570732954948,0.995824658559837,-2.44591988018453,0.0144483103740468
"gene",-0.0156952449275105,0.102310692744075,-0.153407669389664,0.878076797178696
"discrimination",0.358335114641266,0.311255814451153,1.15125597018365,0.249626945188788
"data_both_countries[, covariate1]",0.00583108163498697,0.0143120672663475,0.407424135624194,0.683696503226837
"data_both_countries[, covariate2]",2.13227653936877e-07,1.72577736728794e-07,1.23554554590065,0.216627536574598
"gene:discrimination",0.12689487909883,0.312921349569319,0.405516847199716,0.685097637285968
