"","Estimate","Std. Error","z value","Pr(>|z|)"
"(Intercept)",-3.8016259691364,1.44296205580614,-2.63459870884306,0.00842368069928258
"gene",0.0372740674600519,0.142646401682047,0.26130394472294,0.79385812477351
"discrimination",0.453214900639991,0.425336119130946,1.06554529525028,0.28662923959412
"data_both_countries[, covariate1]",0.0108541595120193,0.0206970742406759,0.524429655409344,0.599979734750853
"data_both_countries[, covariate2]",4.08762989163988e-07,1.98680025157631e-07,2.05739348401873,0.0396483914243828
"gene:discrimination",-0.158533679951141,0.456931548442096,-0.346952799585978,0.728626779115306
