"","Estimate","Std. Error","z value","Pr(>|z|)"
"(Intercept)",-3.9606608018991,1.11507340556249,-3.55192831444239,0.000382419030905129
"gene",0.0809539745090704,0.121049689433237,0.668766478361925,0.503644453333338
"discrimination",0.0664137609827489,0.247827472475363,0.267983853119235,0.788711747649486
"data_both_countries[, covariate1]",0.0145423130200663,0.0159939794672238,0.909236694336617,0.363225198735646
"data_both_countries[, covariate2]",-0.288703211803072,0.220245441025833,-1.31082491632237,0.189916922503746
"data_both_countries[, covariate3]",2.59646830470567e-07,1.55344669279529e-07,1.67142414139333,0.0946379307863875
"gene:discrimination",-0.0416629962603168,0.253021280524046,-0.164662024372126,0.869210009053482
