"","Estimate","Std. Error","z value","Pr(>|z|)"
"(Intercept)",-2.95911892000819,0.129024487728094,-22.9345527512903,2.10157622322782e-116
"gene",0.139934054954849,0.125219215790119,1.1175126283285,0.263775203135837
"discrimination",0.0773410712901486,0.209101790389747,0.36987283153335,0.711477245424905
"gene:discrimination",-0.143168446230313,0.216374988684442,-0.661668185869244,0.508183898018951
