"","Estimate","Std. Error","z value","Pr(>|z|)"
"(Intercept)",-3.17205321812408,2.32328348995627,-1.36533196738026,0.172148735946255
"gene",0.0488462489083207,0.227937589697273,0.214296593085826,0.830315774655042
"discrimination",0.182420307475628,0.902613969524075,0.202102242636256,0.839836794672954
"data_both_countries[, covariate1]",-0.00383677072939651,0.0334333047764632,-0.114758943366483,0.908636192435144
"data_both_countries[, covariate2]",0.566118259123574,0.433417741240567,1.30617232581015,0.191493961653132
"data_both_countries[, covariate3]",7.31651477563114e-08,5.47174127966497e-07,0.133714559985174,0.893628291357772
"gene:discrimination",-0.441417997949473,0.816471354925269,-0.540641132461868,0.588754960962901
