"","Estimate","Std. Error","z value","Pr(>|z|)"
"(Intercept)",-3.1188457334466,0.223921349724724,-13.928308923114,4.26330519851469e-44
"gene",-0.0968980203068347,0.234268418767887,-0.413619645432623,0.679152683483514
"discrimination",0.15503327851279,0.354750037354966,0.437021176005296,0.662095990779953
"gene:discrimination",0.353300532142043,0.387374995755368,0.912037524397048,0.361748964451805
