"","Estimate","Std. Error","z value","Pr(>|z|)"
"(Intercept)",-3.06264522412759,0.205997300373903,-14.8674046629185,5.36532723856227e-50
"gene",-0.10799333202304,0.217493122379669,-0.496536767882344,0.619515753016149
"discrimination",-0.343683439690714,0.463876875426524,-0.740893667904235,0.458757915133088
"gene:discrimination",0.337232170672513,0.500448018900885,0.673860536830904,0.500399983377018
