"","Estimate","Std. Error","z value","Pr(>|z|)"
"(Intercept)",-6.3803044234273,2.68461596958647,-2.37661717568122,0.0174722110090847
"gene",-0.243786327701949,0.277226772964012,-0.879375123461097,0.379197915703578
"discrimination",0.694899155355654,0.98032889721379,0.708842876437325,0.478421986980235
"data_both_countries[, covariate1]",0.0493681682396456,0.0371661808949098,1.32830888326239,0.184076086294337
"data_both_countries[, covariate2]",-7.09133572648647e-07,9.22522944762246e-07,-0.768689360708969,0.442077742375401
"gene:discrimination",1.54691498166466,1.33180041573763,1.16152162394985,0.245429834570801
