"","Estimate","Std. Error","z value","Pr(>|z|)"
"(Intercept)",-3.83966452239924,1.94625844750506,-1.97284411395689,0.0485133254363028
"gene",-0.0384182406280716,0.19480106921917,-0.19721781190455,0.843657092460495
"discrimination",-14.5353175075311,848.092183739934,-0.0171388414917738,0.986325852427372
"data_both_countries[, covariate1]",0.0166728125332027,0.0273010527041754,0.61070218477886,0.541396759395084
"data_both_countries[, covariate2]",-0.087201617166926,0.373906686218641,-0.233217592466199,0.815592445653088
"data_both_countries[, covariate3]",-1.17963489622989e-06,7.73209661783899e-07,-1.52563393156303,0.127101056775436
"gene:discrimination",0.056811357207749,912.039463353789,6.2290459448805e-05,0.999950299404153
