"","Estimate","Std. Error","z value","Pr(>|z|)"
"(Intercept)",-4.64019520397805,2.31698236883279,-2.00268904347149,0.0452106755474425
"gene",0.182086773211045,0.297458840807895,0.612141070396494,0.540444426544808
"discrimination",0.0361378710173438,0.546333264724746,0.0661462029692643,0.947261426720191
"data_both_countries[, covariate1]",0.00305396356274811,0.0332461176497567,0.0918592539111243,0.92680986520212
"data_both_countries[, covariate2]",0.178203984207353,0.442301660784711,0.402901458455281,0.687020718377891
"data_both_countries[, covariate3]",-4.27785614522435e-07,6.55195894227493e-07,-0.652912538511577,0.513812665101512
"gene:discrimination",-0.483471093498295,0.542900640824552,-0.890533289413701,0.373179601720123
