"","Estimate","Std. Error","z value","Pr(>|z|)"
"(Intercept)",-2.0185106382274,0.839907689098928,-2.40325295794458,0.0162499424321828
"gene",-0.0168452590441645,0.133279313667102,-0.126390649686565,0.899422703267613
"discrimination",-0.0449838279167452,0.215959473171484,-0.208297544238893,0.834996649009327
"data_both_countries[, covariate1]",-0.00422953678624009,0.0126259085129968,-0.334988708486705,0.737633603943933
"data_both_countries[, covariate2]",-0.142497052449176,0.214130819570657,-0.665467272459375,0.505751669526925
"data_both_countries[, covariate3]",1.7195698988514e-07,1.14242270126848e-07,1.50519584120842,0.132273734071855
"gene:discrimination",0.0473284638899517,0.207535231808598,0.228050261526683,0.819607166774336
