"","Estimate","Std. Error","z value","Pr(>|z|)"
"(Intercept)",-3.98681521460953,0.208610014553152,-19.1113318464092,2.03215711550318e-81
"gene",0.0851637982041861,0.226562448331487,0.375895470901611,0.706994607715698
"discrimination",0.117786340800899,0.399531648871808,0.294811039709875,0.768138232593361
"gene:discrimination",0.477668013526657,0.454556491671769,1.05084411350037,0.293330191497397
