"","Estimate","Std. Error","z value","Pr(>|z|)"
"(Intercept)",-3.55687083468295,2.35079670547768,-1.51304909794835,0.13026718787704
"gene",0.513202466551493,0.266285602596572,1.92726329004353,0.0539468260581242
"discrimination",-0.639666053189386,1.0967923058626,-0.583215299533217,0.559748373013698
"data_both_countries[, covariate1]",-0.00389818487397019,0.0339794658427211,-0.114721782031934,0.90866564835191
"data_both_countries[, covariate2]",9.70912317880246e-08,4.04703320957225e-07,0.239907178321096,0.810402215855802
"gene:discrimination",0.388825537720725,1.22616276544194,0.31710760486238,0.751161954612958
