"","Estimate","Std. Error","z value","Pr(>|z|)"
"(Intercept)",-1.8250249613192,1.8652315277026,-0.978444195379369,0.327854678795656
"gene",0.220162114622016,0.197934508921291,1.11229777880503,0.266010138593671
"discrimination",-14.7185769938347,966.89148527888,-0.0152225738026739,0.987854612457513
"data_both_countries[, covariate1]",-0.0312452412755147,0.0274828421390677,-1.13689992895963,0.255580121836846
"data_both_countries[, covariate2]",-0.196469560335217,0.349882657962279,-0.561529861123892,0.574436379587364
"data_both_countries[, covariate3]",2.90907005155052e-07,2.11720330776972e-07,1.37401544805584,0.169436886608698
"gene:discrimination",-0.212845463675795,1051.4987087782,-0.000202421041413464,0.999838491377377
