"","Estimate","Std. Error","z value","Pr(>|z|)"
"(Intercept)",-1.9823428669868,1.85956926605789,-1.06602260166903,0.286413425015173
"gene",0.080285160327541,0.230998950415355,0.347556385789553,0.728173365563161
"discrimination",0.192579954389161,0.403207390364741,0.477620100700419,0.632920621612764
"data_both_countries[, covariate1]",-0.0307356563949078,0.0274422118354013,-1.12001381591472,0.262707874640691
"data_both_countries[, covariate2]",-0.184806395338266,0.350970490186606,-0.526558216447221,0.598500414407691
"data_both_countries[, covariate3]",3.26502653471716e-07,2.10528646215974e-07,1.55087043659022,0.120932736451691
"gene:discrimination",0.516201759454555,0.458573022696677,1.12566970559887,0.260305351222425
