"","Estimate","Std. Error","z value","Pr(>|z|)"
"(Intercept)",-2.77111536831871,0.173679370403829,-15.9553512997858,2.61498098596135e-57
"gene",-0.118218701081905,0.173697500319541,-0.680601049896656,0.496123962423942
"discrimination",-0.499718469052351,0.440630409197455,-1.13409891514867,0.256753058649651
"gene:discrimination",-0.158273916482888,0.433938711971005,-0.364737950582899,0.715307026844522
