"","Estimate","Std. Error","z value","Pr(>|z|)"
"(Intercept)",0.423121203091554,4.05952295838063,0.104229291823081,0.916987389051367
"gene",-0.556106951018187,0.362333788033784,-1.53479186701279,0.124834961193799
"discrimination",0.267125630559826,1.15253359830022,0.231772532231415,0.816714692280764
"data_both_countries[, covariate1]",-0.0565314798613747,0.0600632486368077,-0.941199171613427,0.346602801182859
"data_both_countries[, covariate2]",0.137922218923111,0.701755219758382,0.196538928446587,0.844188366280902
"data_both_countries[, covariate3]",-3.91728229702457e-07,1.23910440713574e-06,-0.31613819420428,0.751897617441048
"gene:discrimination",0.725653884008885,0.967366268123329,0.750133540852772,0.453174280482532
