"","Estimate","Std. Error","z value","Pr(>|z|)"
"(Intercept)",-1.56656203860987,2.33455138395309,-0.671033436821258,0.502199228938553
"gene",-0.157219127483645,0.236539560773961,-0.664663141206577,0.506265973909028
"discrimination",-3.65316674482184,3.43802639367594,-1.06257670143011,0.287973957386552
"data_both_countries[, covariate1]",-0.0210577030727912,0.0340623314583663,-0.618210855546679,0.536436355178525
"data_both_countries[, covariate2]",2.44872454253335e-07,4.58558775976251e-07,0.53400450952446,0.593338414105815
"gene:discrimination",4.02955028090791,2.50869121516735,1.6062360550974,0.108222054179729
