"","Estimate","Std. Error","z value","Pr(>|z|)"
"(Intercept)",-1.70631586370313,1.67538625455923,-1.01846118115135,0.308458839741845
"gene",-0.130802143438186,0.17375080710685,-0.752814594741699,0.451561335259215
"discrimination",-0.504604240542685,0.440824034196638,-1.14468404941278,0.252340061195064
"data_both_countries[, covariate1]",-0.0159362372252228,0.0243399439964116,-0.654735985734902,0.512637751900366
"data_both_countries[, covariate2]",0.132886524115154,0.317239028488385,0.418884538728876,0.675300517168846
"data_both_countries[, covariate3]",-6.54274558314905e-08,3.29469370193653e-07,-0.198584335147859,0.842587908300067
"gene:discrimination",-0.146617543847678,0.433005674471641,-0.338604208886137,0.734907911492926
