"","Estimate","Std. Error","z value","Pr(>|z|)"
"(Intercept)",-2.46418402668834,0.808913716451093,-3.0462878506985,0.00231685913506884
"gene",-0.0825898512141227,0.0865389476471869,-0.954366253109936,0.339898282250985
"discrimination",-0.154970297217478,0.187197469433098,-0.827843975064321,0.407758866760481
"data_both_countries[, covariate1]",0.00707846027960118,0.0116171024486998,0.60931375193247,0.542316493560478
"data_both_countries[, covariate2]",-0.139736266405625,0.1579070374689,-0.884927414543807,0.376195781064458
"data_both_countries[, covariate3]",-1.14016438009389e-07,1.72661450755639e-07,-0.660346808800719,0.509031298034164
"gene:discrimination",0.0693962412197621,0.190753676659927,0.363800281257386,0.716007152604901
