"","Estimate","Std. Error","z value","Pr(>|z|)"
"(Intercept)",0.0551743202602954,1.52355223464142,0.036214262304752,0.971111513774771
"gene",0.0868416689903892,0.134902201694006,0.643737966466767,0.519745365847196
"discrimination",-0.801629035019595,0.812451422434683,-0.986679342153582,0.323799860317477
"data_both_countries[, covariate1]",-0.0154075247834598,0.0221873839588876,-0.694427284082225,0.487414288112819
"data_both_countries[, covariate2]",6.35733404092678e-08,2.10242042112945e-07,0.302381672905914,0.762361124142016
"gene:discrimination",1.79651961997586,1.34859066132166,1.33214597394233,0.182812225627729
