"","Estimate","Std. Error","z value","Pr(>|z|)"
"(Intercept)",-1.7286823187696,1.10518708315185,-1.56415356741197,0.117781508564463
"gene",-0.0689039694286291,0.112318204718717,-0.613471071774949,0.539564904860979
"discrimination",-0.164855264362422,0.253291860768319,-0.650851013776598,0.51514266583286
"data_both_countries[, covariate1]",0.011355086105883,0.0159024810944446,0.714044936663989,0.475199393000599
"data_both_countries[, covariate2]",0.0780661748584985,0.210524247654249,0.370817973361004,0.710773113483696
"data_both_countries[, covariate3]",-6.89622920785741e-08,1.75252371813528e-07,-0.393502760418852,0.693948185579848
"gene:discrimination",0.426941399255717,0.268301128665909,1.59127694087098,0.111547263903041
