"","Estimate","Std. Error","z value","Pr(>|z|)"
"(Intercept)",-0.948341588034423,0.117671996697694,-8.05919517513389,7.67983951831465e-16
"gene",-0.0349309572683953,0.111052581237188,-0.314544307563542,0.753107670200351
"discrimination",-0.169069021254,0.251781998576446,-0.671489710185405,0.501908612387221
"gene:discrimination",0.391156325401172,0.264576147387825,1.47842626503968,0.139293719576216
