"","Estimate","Std. Error","z value","Pr(>|z|)"
"(Intercept)",-4.46694051224373,0.280120921330233,-15.9464722985745,3.0145101466676e-57
"gene",0.150539069741581,0.312540651068669,0.481662366885213,0.630045814047713
"discrimination",-0.224971154888971,0.502630307763581,-0.447587722853333,0.654450765204861
"gene:discrimination",-0.285643741160737,0.519119331339361,-0.550246781262715,0.582150120829818
