"","Estimate","Std. Error","z value","Pr(>|z|)"
"(Intercept)",-0.864976616131398,2.14205689862965,-0.403806554664703,0.686354976091505
"gene",0.329692689364583,0.281388290338532,1.17166456702209,0.241331754169796
"discrimination",-0.768876090414349,0.587211285379064,-1.30936872222749,0.190409481084635
"data_both_countries[, covariate1]",0.000966147738729164,0.0311245597333783,0.0310413302872541,0.975236578738509
"data_both_countries[, covariate2]",0.495819037992108,0.429139496062666,1.15537964354534,0.247934994261084
"data_both_countries[, covariate3]",-3.78370727059926e-09,4.74985726611619e-07,-0.00796593888745015,0.993644167568952
"gene:discrimination",0.127120843168253,0.734279673403602,0.173123195115849,0.862554593165291
