"","Estimate","Std. Error","z value","Pr(>|z|)"
"(Intercept)",-3.06300315725723,3.38971253957248,-0.903617378022132,0.36619832326816
"gene",0.365393134834811,0.381750977038682,0.957150490273105,0.33849130232098
"discrimination",2.70904765142696,1.72038409386513,1.57467606279748,0.115331235803753
"data_both_countries[, covariate1]",0.0291213208205735,0.0479827119419375,0.606912774246948,0.543908800147996
"data_both_countries[, covariate2]",-1.32725267540438e-07,6.43208664639248e-07,-0.206348693413325,0.836518545025735
"gene:discrimination",-1.27302430918262,2.2414248072595,-0.567953163121765,0.570066771580531
