"","Estimate","Std. Error","z value","Pr(>|z|)"
"(Intercept)",-1.01302350154228,2.13108835793165,-0.475354997727773,0.634533964752311
"gene",0.301324210388094,0.259603922321287,1.16070746425462,0.245760885324232
"discrimination",-10.2249220861908,1270.42846393118,-0.00804840443715429,0.993578371689343
"data_both_countries[, covariate1]",-0.000444107250957335,0.0305579167120039,-0.0145332960732522,0.988404515640325
"data_both_countries[, covariate2]",0.567845839547826,0.426518717125576,1.33135034114022,0.183073761084883
"data_both_countries[, covariate3]",1.0310324022989e-07,4.7038253703975e-07,0.219190195449746,0.826501892689741
"gene:discrimination",35.6928185828085,2381.4327290714,0.0149879600406459,0.988041785800754
