"","Estimate","Std. Error","z value","Pr(>|z|)"
"(Intercept)",-0.60282195248967,0.231057680428278,-2.60896738585926,0.00908158973917707
"gene",0.351467145141523,0.272277021464871,1.29084394728062,0.196757795293337
"discrimination",-0.781841219050906,0.571717609539459,-1.36753041362625,0.171459111022662
"gene:discrimination",0.0333824075225014,0.737228982194709,0.0452809212995439,0.963883394435967
