"","Estimate","Std. Error","z value","Pr(>|z|)"
"(Intercept)",-4.56199239771145,1.89490272966881,-2.40750742836747,0.0160618354428271
"gene",0.0299180329217186,0.287591798264838,0.104029506760021,0.917145932595785
"discrimination",-0.557047455572327,0.517451715240299,-1.07652064756156,0.28169447173303
"data_both_countries[, covariate1]",0.00354454166123737,0.0281356910340826,0.125980259626239,0.899747550601491
"data_both_countries[, covariate2]",0.810125188221064,0.471970578853795,1.71647391705749,0.0860753378735157
"data_both_countries[, covariate3]",5.4896266927471e-08,2.84896741843462e-07,0.19268829321198,0.847203092304317
"gene:discrimination",0.206250336975327,0.466178186001865,0.442428116905714,0.658179436478358
