"","Estimate","Std. Error","z value","Pr(>|z|)"
"(Intercept)",-0.978106259541921,0.127330750092401,-7.681618610054,1.57090936044559e-14
"gene",-0.101889602160848,0.122425205307943,-0.832260006463211,0.405262199716073
"discrimination",0.142175593833672,0.201369474395633,0.706043427189653,0.480161131397868
"gene:discrimination",0.166900536178477,0.20809272762267,0.802048865835978,0.422524692079761
