"","Estimate","Std. Error","z value","Pr(>|z|)"
"(Intercept)",-2.11423628698012,1.10065664296863,-1.92088631862315,0.0547460409527135
"gene",-0.106806806795562,0.118073570310357,-0.904578446428096,0.365688758119977
"discrimination",0.233349054927461,0.232623935246445,1.00311713272432,0.315804349244177
"data_both_countries[, covariate1]",0.016580664786721,0.0157194948092234,1.0547835657538,0.291524322493233
"data_both_countries[, covariate2]",-0.0453627971841765,0.206182971862474,-0.220012335521257,0.825861547719917
"data_both_countries[, covariate3]",-3.48102263017681e-10,1.86278682281843e-07,-0.00186871765869051,0.998508979899431
"gene:discrimination",0.315814308599308,0.237963392996922,1.32715500742332,0.184457412228559
