"","Estimate","Std. Error","z value","Pr(>|z|)"
"(Intercept)",-0.661459246347246,2.11134044716246,-0.3132887674445,0.754061283196382
"gene",-0.0647018064557411,0.189594562412575,-0.341264040658214,0.732904816142696
"discrimination",-1.14778414080331,1.10940388364776,-1.03459538741595,0.300857909028596
"data_both_countries[, covariate1]",-0.00162444000300726,0.0302386672051068,-0.0537206217452902,0.957157752747117
"data_both_countries[, covariate2]",-0.153607389990698,0.395115526532611,-0.388765765138869,0.697449427980753
"data_both_countries[, covariate3]",1.15520763019559e-08,4.13765415854948e-07,0.0279193858628476,0.977726446787009
"gene:discrimination",0.515962012006973,1.46483308641191,0.352232631002905,0.724663807058795
