"","Estimate","Std. Error","z value","Pr(>|z|)"
"(Intercept)",-1.17906037857842,1.52784905563905,-0.77171260749005,0.440284661927388
"gene",-0.151398014542022,0.14571202179511,-1.03902212512642,0.298794446492909
"discrimination",-0.729714611395638,0.583071810106722,-1.2515004134089,0.210751962927962
"data_both_countries[, covariate1]",0.00747137562386455,0.0219596996281686,0.34023123040721,0.733682401091845
"data_both_countries[, covariate2]",-5.71774899886373e-07,4.01833536303976e-07,-1.42291483469872,0.154760845262542
"gene:discrimination",-0.0937169267111609,0.572194622786951,-0.163785053160234,0.869900358626596
