"","Estimate","Std. Error","z value","Pr(>|z|)"
"(Intercept)",-0.0214254231612851,1.6817463513402,-0.0127399849235356,0.989835237694438
"gene",0.165204108616115,0.155445128049289,1.06278087122635,0.287881336235533
"discrimination",-0.261775201202618,0.623131247263065,-0.420096412035819,0.674415023686828
"data_both_countries[, covariate1]",-0.0452946832514574,0.0248612483637639,-1.82189898868778,0.068470313803221
"data_both_countries[, covariate2]",-2.10012104020126e-07,4.11340856176165e-07,-0.510554934835318,0.609662738493275
"gene:discrimination",-0.393396376390341,0.665101552043377,-0.591483173030821,0.55419672645789
