"","Estimate","Std. Error","z value","Pr(>|z|)"
"(Intercept)",-3.26284811773974,0.138674620392393,-23.5288051159412,2.06934311836012e-122
"gene",0.0376150902378035,0.13928493536102,0.270058568360656,0.787115195837252
"discrimination",-0.0223001139169848,0.292812471629217,-0.0761583473303113,0.939293120419838
"gene:discrimination",0.373077643224318,0.280747866817875,1.32887080301963,0.183890597915786
