"","Estimate","Std. Error","z value","Pr(>|z|)"
"(Intercept)",-3.27511385243134,0.148619062581988,-22.0369701943489,1.27381422145355e-107
"gene",0.00121836315759622,0.148651885340727,0.00819608277960009,0.993460545306664
"discrimination",-0.0284211626537866,0.254072287551808,-0.111862505461133,0.91093242626526
"gene:discrimination",0.421622185206422,0.249528731931325,1.68967389824455,0.0910903595347544
