"","Estimate","Std. Error","z value","Pr(>|z|)"
"(Intercept)",-4.23246804889368,0.215734126942842,-19.61890827785,1.06618337324954e-85
"gene",-0.0188827867230783,0.209550885815159,-0.0901107463689484,0.928199209596174
"discrimination",-0.178621537389985,0.382755346678794,-0.466672873259385,0.64073394057692
"data_both_countries[, covariate1]",0.0143004140213058,19.7509325384207,0.000724037409043233,0.999422301780355
"data_both_countries[, covariate2]",1.2256910079413,19.3181701024463,0.0634475730072429,0.949410105752193
"data_both_countries[, covariate3]",-10.6881644733139,19.6157594884282,-0.544876403058425,0.585838526483426
"data_both_countries[, covariate4]",3.71831970991006,18.8511722730659,0.197246073403229,0.843634977400253
"gene:discrimination",0.329640163778103,0.370680280006529,0.889284328187884,0.373850291869086
