"","Estimate","Std. Error","z value","Pr(>|z|)"
"(Intercept)",-0.950940450542394,0.989898609684418,-0.960644293505531,0.336731049588756
"gene",-0.00435463310545399,0.0957080531277197,-0.0454991295209282,0.96370946872335
"discrimination",-0.560289363423948,0.426035832091017,-1.31512262870943,0.188468692651746
"data_both_countries[, covariate1]",-0.0132172761696241,0.0143840345920689,-0.918885176827364,0.358155634012659
"data_both_countries[, covariate2]",3.92815772916231e-08,1.93630128190137e-07,0.202869138489906,0.83923731659623
"gene:discrimination",0.169251237811193,0.430833795271443,0.392845778740635,0.694433390714753
