"","Estimate","Std. Error","z value","Pr(>|z|)"
"(Intercept)",-1.83906134443846,0.0839573728044444,-21.9047033394203,2.3430173147094e-106
"gene",0.0652537587328682,0.0830817653157589,0.785416131745228,0.432209625569496
"discrimination",-0.211440674162583,0.146968959369529,-1.43867572492604,0.150242420231717
"gene:discrimination",-0.00396590645727023,0.14835386241175,-0.026732748260123,0.978672893125672
