"","Estimate","Std. Error","z value","Pr(>|z|)"
"(Intercept)",-1.56779590616487,1.40047559455476,-1.11947392175964,0.262938010216609
"gene",0.0215432875380862,0.141718574739204,0.152014565329429,0.879175447691317
"discrimination",-0.448292175268265,0.67686355533046,-0.662308040871543,0.507773824647507
"data_both_countries[, covariate1]",-0.0036509052508074,0.0202023505543406,-0.180716854753467,0.856589828434298
"data_both_countries[, covariate2]",-0.225285944190203,0.280163333664399,-0.804123584780254,0.421325604956108
"data_both_countries[, covariate3]",2.65299537923828e-08,3.65353273253318e-07,0.0726145233520003,0.942112869268091
"gene:discrimination",0.929129049989883,0.776861573456889,1.19600335727179,0.23169524893929
