"","Estimate","Std. Error","z value","Pr(>|z|)"
"(Intercept)",-4.2728058363664,0.22210163362069,-19.2380657751648,1.77717325445043e-82
"gene",0.148636799366246,0.211463447786375,0.702895942169649,0.482120600163784
"discrimination",-0.0830036262678924,0.380689928864153,-0.218034731088228,0.827402050845582
"data_both_countries[, covariate1]",15.2285575357136,19.3139588639869,0.788474162286273,0.430419406027445
"data_both_countries[, covariate2]",30.0894002760536,24.8560608314494,1.21054580933366,0.226069523916263
"data_both_countries[, covariate3]",-0.0754201184091037,19.0804532420916,-0.00395274249789446,0.996846176000752
"data_both_countries[, covariate4]",-6.76156962194395,17.450997997958,-0.387460340247312,0.698415440283964
"gene:discrimination",0.385570861281623,0.354179520328582,1.08863115779229,0.276316571023163
